gene, test statistic, p-value, number of groups
p0280-p0397-p0339-p0181-p0101,1.831240687309862,0.11,2
p0286-p0358-p0391-p0248-p0380,1.3103697985896499,0.315,2
p0040-p0119-p0152-p0157-p0076,1.3007890953845689,0.288,2
p0233-p0128-p0324-p0249-p0325,2.0668287324545984,0.062,2
p0301-p0390-p0284-p0041-p0139,0.7592748225832319,0.683,2
p0309-p0228-p0102-p0025-p0099,2.307433513436894,0.06,2
p0186-p0145-p0376-p0343-p0358,1.6519477111857181,0.134,2
p0015-p0339-p0088-p0326-p0176,2.2426576861328065,0.032,2
p0333-p0135-p0330-p0376-p0200,1.4979058571449715,0.117,2
p0172-p0147-p0184-p0232-p0137,1.639854098545604,0.132,2
p0261-p0388-p0307-p0216-p0358,1.1812017739910325,0.431,2
p0137-p0324-p0231-p0101-p0247,0.7648764631149948,0.679,2
p0114-p0182-p0231-p0131-p0139,0.4978916981596797,0.813,2
p0335-p0148-p0362-p0037-p0032,1.4903467976742324,0.199,2
p0342-p0348-p0119-p0094-p0284,1.545669021331145,0.219,2
p0003-p0060-p0269-p0266-p0369,1.2440200459277826,0.311,2
p0343-p0023-p0227-p0207-p0205,0.6858637066750023,0.744,2
p0092-p0300-p0303-p0272-p0137,1.7127019667292163,0.058,2
p0008-p0185-p0161-p0095-p0124,0.842714753874184,0.592,2
p0034-p0172-p0168-p0327-p0056,1.3638900176803908,0.21,2
p0057-p0295-p0062-p0367-p0101,0.409699170481949,0.819,2
p0109-p0070-p0008-p0032-p0387,2.064286872421181,0.018,2
p0332-p0031-p0065-p0008-p0201,0.9274771125523812,0.552,2
p0088-p0285-p0051-p0154-p0026,0.5572006817523963,0.736,2
p0342-p0177-p0018-p0305-p0110,1.8450362637839655,0.103,2
p0361-p0266-p0123-p0306-p0377,0.6303283805852283,0.773,2
p0369-p0099-p0280-p0184-p0092,2.003178771185835,0.039,2
p0290-p0363-p0104-p0012-p0268,2.4239870450034213,0.064,2
p0241-p0334-p0041-p0047-p0032,1.1249796499684965,0.429,2
p0274-p0375-p0271-p0357-p0244,1.791577303566216,0.139,2
p0071-p0061-p0265-p0008-p0228,1.1351605782758878,0.389,2
p0009-p0017-p0040-p0151-p0099,0.29097249753260984,0.92,2
p0363-p0199-p0035-p0058-p0264,2.2478417450366304,0.066,2
p0316-p0122-p0021-p0307-p0074,1.9642799483409707,0.043,2
p0187-p0026-p0005-p0341-p0171,2.5971071623779287,0.024,2
p0220-p0272-p0150-p0304-p0381,1.1775674230606377,0.432,2
p0168-p0006-p0093-p0283-p0211,1.1065326672765625,0.408,2
p0192-p0326-p0017-p0018-p0360,1.682434865886525,0.169,2
p0112-p0332-p0183-p0266-p0023,1.7317394185176354,0.104,2
p0125-p0221-p0039-p0313-p0257,2.4258294908785882,0.031,2
p0048-p0134-p0066-p0392-p0243,1.0414704789426703,0.484,2
p0177-p0273-p0143-p0039-p0133,2.169792029009163,0.025,2
p0383-p0076-p0174-p0120-p0202,2.0198833967372876,0.048,2
p0171-p0360-p0340-p0043-p0000,0.13798222481813954,0.91,2
p0369-p0317-p0123-p0059-p0272,1.7757829208294456,0.037,2
p0124-p0381-p0030-p0323-p0313,1.1014940879050001,0.466,2
p0273-p0394-p0231-p0022-p0138,0.7494642574604239,0.656,2
p0119-p0123-p0399-p0152-p0330,1.5029021606432955,0.204,2
p0292-p0163-p0019-p0174-p0145,1.2082786758012598,0.322,2
p0387-p0084-p0134-p0093-p0277,1.5673719657580623,0.119,2
p0144-p0107-p0335-p0038-p0213,1.4763149731732574,0.183,2
p0228-p0069-p0037-p0225-p0013,1.2956665089823012,0.257,2
p0357-p0298-p0387-p0085-p0078,0.9166672427578719,0.615,2
p0383-p0242-p0111-p0280-p0398,1.6824639036112878,0.134,2
p0183-p0365-p0071-p0004-p0169,1.5910579202764856,0.173,2
p0148-p0178-p0326-p0144-p0260,0.9396090835870567,0.597,2
p0310-p0325-p0091-p0205-p0345,1.933024527960687,0.142,2
p0037-p0003-p0295-p0023-p0396,1.6114728776663987,0.133,2
p0399-p0279-p0137-p0148-p0365,1.8573508978721818,0.07,2
p0130-p0144-p0006-p0208-p0121,2.3694696516537257,0.047,2
p0002-p0274-p0037-p0345-p0203,0.7603868550907781,0.668,2
p0009-p0304-p0007-p0180-p0311,2.2292298177000123,0.017,2
p0330-p0256-p0303-p0123-p0382,1.925227602627663,0.036,2
p0133-p0351-p0034-p0227-p0149,-1.0221931881649684,0.996,2
p0200-p0209-p0397-p0076-p0159,1.6329128585260055,0.059,2
p0387-p0174-p0085-p0397-p0303,1.5590236898470515,0.132,2
p0072-p0106-p0016-p0153-p0334,1.3182910912766619,0.275,2
p0332-p0175-p0388-p0253-p0140,0.9368199138400994,0.599,2
p0372-p0233-p0087-p0143-p0174,0.4062120666651346,0.795,2
p0021-p0050-p0348-p0364-p0082,1.7608906703798237,0.102,2
p0265-p0344-p0114-p0271-p0191,0.8447956651484863,0.638,2
p0041-p0061-p0148-p0317-p0067,1.578771584296782,0.129,2
p0007-p0263-p0065-p0031-p0242,0.9843227587480728,0.559,2
p0294-p0187-p0019-p0062-p0011,1.5447307500063385,0.234,2
p0180-p0280-p0238-p0004-p0040,1.7884980543937392,0.064,2
p0297-p0264-p0367-p0163-p0029,2.428312160258102,0.039,2
p0114-p0321-p0312-p0307-p0232,3.141773692994551,0.04,2
p0232-p0360-p0237-p0120-p0209,1.3755460167167257,0.258,2
p0127-p0032-p0172-p0257-p0272,1.1681876883396498,0.393,2
p0106-p0149-p0230-p0044-p0278,1.9917634574045497,0.088,2
p0007-p0032-p0376-p0134-p0364,1.1444005176792005,0.401,2
p0284-p0183-p0228-p0310-p0217,1.0135452141325814,0.52,2
p0007-p0351-p0017-p0046-p0287,1.026762346553388,0.493,2
p0001-p0101-p0244-p0019-p0041,0.2799142879410092,0.908,2
p0288-p0054-p0030-p0104-p0219,1.3520802125946756,0.253,2
p0057-p0316-p0213-p0361-p0115,1.4448743314426575,0.226,2
p0171-p0292-p0209-p0298-p0141,1.1348867658692863,0.37,2
p0225-p0339-p0131-p0393-p0185,1.35983463084675,0.281,2
p0092-p0323-p0136-p0047-p0090,1.1235861299758743,0.39,2
p0149-p0328-p0272-p0133-p0056,1.4258854956893563,0.186,2
p0249-p0188-p0072-p0129-p0178,1.8394201741304184,0.161,2
p0170-p0144-p0150-p0215-p0167,0.5502237910361004,0.758,2
p0107-p0123-p0378-p0055-p0016,1.5810904387978184,0.157,2
p0088-p0291-p0104-p0021-p0358,1.9744424893976673,0.052,2
p0226-p0017-p0161-p0214-p0039,0.8527933757290248,0.58,2
p0201-p0092-p0254-p0017-p0229,0.8970229279598957,0.577,2
p0301-p0039-p0007-p0113-p0203,1.439012173324646,0.202,2
p0066-p0236-p0119-p0209-p0000,1.0294977822386777,0.469,2
p0000-p0110-p0288-p0050-p0038,0.8181576625314589,0.667,2
p0225-p0041-p0002-p0109-p0209,1.7817266359683173,0.036,2
p0356-p0399-p0127-p0034-p0103,1.9474819603183149,0.024,2
p0193-p0195-p0163-p0326-p0066,1.9152608607466466,0.024,2
p0118-p0040-p0307-p0267-p0178,-0.08127626557999956,0.898,2
p0156-p0351-p0019-p0070-p0084,0.5752329671104719,0.831,2
p0062-p0080-p0115-p0290-p0172,1.591510019932581,0.234,2
p0108-p0272-p0377-p0370-p0236,1.3792548646755254,0.269,2
p0183-p0062-p0273-p0186-p0199,1.0068050548199468,0.522,2
p0121-p0397-p0388-p0314-p0319,1.2320249904976188,0.419,2
p0228-p0261-p0332-p0080-p0065,1.473213297161468,0.227,2
p0060-p0363-p0084-p0266-p0061,2.758521327025727,0.02,2
p0282-p0095-p0087-p0380-p0031,1.1657086527091833,0.364,2
p0188-p0032-p0342-p0125-p0328,1.2162157880759414,0.413,2
p0311-p0247-p0089-p0398-p0315,1.8339398551470603,0.083,2
p0236-p0255-p0261-p0323-p0091,1.3429449986856647,0.345,2
p0284-p0107-p0312-p0334-p0347,2.2841284186625623,0.126,2
p0219-p0373-p0171-p0378-p0213,0.6077835589971772,0.721,2
p0193-p0318-p0084-p0229-p0346,2.358848488512046,0.05,2
p0150-p0389-p0186-p0077-p0370,1.7169788192157889,0.143,2
p0308-p0036-p0005-p0047-p0237,1.7427190863040447,0.199,2
p0128-p0256-p0282-p0340-p0370,2.2647841118610827,0.034,2
p0062-p0000-p0076-p0171-p0338,0.9935889862786551,0.528,2
p0011-p0118-p0196-p0049-p0370,1.0618776572028992,0.508,2
p0356-p0134-p0096-p0122-p0000,1.5700701156969477,0.183,2
p0255-p0027-p0345-p0066-p0060,2.563239976149344,0.017,2
p0110-p0282-p0297-p0207-p0298,2.1284019028152077,0.047,2
p0343-p0381-p0382-p0277-p0035,1.3232962973101354,0.279,2
p0397-p0033-p0184-p0327-p0386,1.0429505256300482,0.478,2
p0230-p0395-p0263-p0339-p0044,2.2642324480805325,0.04,2
p0201-p0060-p0305-p0207-p0188,0.542433134867311,0.798,2
p0021-p0102-p0096-p0162-p0089,1.823670150468143,0.069,2
p0284-p0332-p0104-p0187-p0101,1.2759206530231237,0.395,2
p0137-p0148-p0246-p0228-p0100,1.8457818563226922,0.135,2
p0024-p0154-p0206-p0366-p0181,1.3497142235809874,0.228,2
p0093-p0382-p0157-p0051-p0202,1.926548455720062,0.063,2
p0055-p0123-p0034-p0176-p0156,1.231077764400211,0.312,2
p0099-p0250-p0325-p0175-p0373,1.0735208921752424,0.487,2
p0352-p0313-p0009-p0272-p0179,1.020800498279461,0.528,2
p0354-p0252-p0177-p0216-p0061,1.9262781158411617,0.052,2
p0257-p0091-p0069-p0386-p0228,1.205435506778674,0.386,2
p0225-p0319-p0078-p0001-p0104,1.5837891736109706,0.127,2
p0109-p0358-p0363-p0000-p0382,2.3201907034076656,0.051,2
p0343-p0130-p0170-p0381-p0000,1.548643384077791,0.127,2
p0368-p0190-p0333-p0300-p0011,0.9097676106316064,0.548,2
p0266-p0361-p0135-p0062-p0074,1.6303407514341162,0.121,2
p0351-p0128-p0317-p0305-p0397,1.4774773465897806,0.209,2
p0005-p0338-p0077-p0132-p0047,1.69054500554276,0.086,2
p0203-p0018-p0096-p0315-p0392,1.5349278701272058,0.23,2
p0269-p0279-p0394-p0076-p0197,0.99027830617956,0.491,2
p0085-p0356-p0166-p0110-p0250,1.285089230427637,0.277,2
p0354-p0283-p0263-p0328-p0066,1.069207461200413,0.451,2
p0045-p0135-p0214-p0355-p0113,1.3168816873761517,0.249,2
p0150-p0238-p0263-p0163-p0066,1.985830364792985,0.063,2
p0237-p0092-p0344-p0386-p0253,1.6318719980810774,0.23,2
p0339-p0089-p0019-p0060-p0184,1.4341746836527667,0.265,2
p0057-p0136-p0339-p0328-p0073,1.4819252160757284,0.215,2
p0316-p0198-p0274-p0095-p0044,1.7891630594463268,0.175,2
p0150-p0241-p0155-p0258-p0300,1.586387299263887,0.173,2
p0279-p0138-p0295-p0282-p0397,1.5209581212406946,0.213,2
p0035-p0072-p0247-p0173-p0098,1.217857453221295,0.303,2
p0270-p0310-p0207-p0352-p0292,1.0575333734006225,0.495,2
p0162-p0309-p0180-p0362-p0103,2.4426798811834702,0.039,2
p0396-p0286-p0345-p0190-p0337,0.6327441299548082,0.727,2
p0137-p0111-p0072-p0037-p0113,1.334656524965785,0.18,2
p0127-p0227-p0365-p0335-p0269,0.15049931545888962,0.938,2
p0013-p0074-p0338-p0020-p0250,1.451584199422446,0.236,2
p0133-p0220-p0318-p0384-p0145,0.7651430748350047,0.663,2
p0073-p0031-p0080-p0282-p0112,1.2516311679280472,0.381,2
p0261-p0092-p0257-p0259-p0036,1.9438412884308112,0.103,2
p0111-p0006-p0097-p0120-p0066,1.5783169611577479,0.16,2
p0107-p0163-p0222-p0112-p0398,1.266887208601321,0.328,2
p0215-p0293-p0179-p0046-p0319,-0.5755098489625163,0.971,2
p0366-p0126-p0038-p0278-p0369,1.415220410685434,0.209,2
p0340-p0367-p0008-p0373-p0345,-0.17238900784312983,0.885,2
p0177-p0051-p0320-p0380-p0108,0.8884600409936318,0.623,2
p0381-p0058-p0237-p0259-p0286,0.6238784392170302,0.743,2
p0052-p0056-p0173-p0371-p0008,1.6514521526870485,0.08,2
p0355-p0139-p0311-p0399-p0272,1.8451739559453688,0.063,2
p0176-p0155-p0322-p0060-p0344,1.2159908685439367,0.396,2
p0208-p0098-p0137-p0037-p0294,1.6691418312090107,0.185,2
p0050-p0121-p0027-p0191-p0324,1.7335908925058119,0.16,2
p0073-p0024-p0264-p0051-p0025,1.0924714631175267,0.387,2
p0230-p0271-p0301-p0184-p0016,1.2959905558937341,0.37,2
p0086-p0068-p0187-p0036-p0147,2.290318453180589,0.044,2
p0017-p0238-p0216-p0176-p0387,1.6614481522713647,0.187,2
p0351-p0005-p0396-p0137-p0111,0.2783592702052653,0.921,2
p0261-p0170-p0230-p0313-p0086,2.3396164278347755,0.038,2
p0018-p0177-p0098-p0263-p0361,1.5983224011414503,0.093,2
p0111-p0192-p0062-p0125-p0376,1.1508772731886454,0.399,2
p0392-p0049-p0150-p0293-p0229,1.7295928114217862,0.137,2
p0011-p0383-p0099-p0219-p0358,1.0823262878731024,0.459,2
p0147-p0144-p0355-p0109-p0241,1.6156363816494497,0.142,2
p0345-p0236-p0370-p0380-p0313,1.2578129946056027,0.403,2
p0268-p0226-p0386-p0310-p0342,1.7964824437167874,0.161,2
p0001-p0050-p0222-p0160-p0197,1.0550293807029312,0.466,2
p0041-p0098-p0064-p0168-p0262,0.5943685608037416,0.789,2
p0045-p0386-p0094-p0351-p0381,-0.21492672917648098,0.946,2
p0169-p0391-p0041-p0372-p0025,-0.3664747746678644,0.949,2
p0392-p0259-p0055-p0289-p0041,1.7500906697564034,0.146,2
p0399-p0193-p0187-p0098-p0280,2.472863487754188,0.029,2
p0243-p0244-p0129-p0264-p0142,1.1814425813351663,0.348,2
p0022-p0268-p0024-p0014-p0046,0.8209982493268794,0.676,2
p0372-p0286-p0116-p0139-p0071,-1.334655531484859,0.987,2
p0089-p0131-p0340-p0288-p0308,0.9571172966937953,0.525,2
p0182-p0344-p0069-p0211-p0342,1.4693952519303521,0.258,2
p0242-p0073-p0102-p0141-p0234,2.0445162018895267,0.055,2
p0231-p0076-p0101-p0268-p0119,0.20045727469239277,0.927,2
p0183-p0232-p0319-p0318-p0038,1.7302040290325598,0.16,2
p0347-p0274-p0133-p0113-p0185,0.5947284199375039,0.775,2
p0071-p0306-p0146-p0216-p0114,1.1136538770505757,0.463,2
p0297-p0328-p0228-p0078-p0163,1.8277915892973449,0.091,2
p0357-p0232-p0149-p0116-p0018,1.6641673266576562,0.109,2
p0107-p0068-p0029-p0015-p0110,1.1725282703150237,0.353,2
p0039-p0048-p0299-p0252-p0287,1.2967494090856906,0.279,2
p0177-p0332-p0295-p0018-p0387,1.8699573905543898,0.061,2
p0107-p0249-p0391-p0257-p0005,2.040022520009908,0.088,2
p0056-p0348-p0076-p0324-p0310,0.9417018105143635,0.545,2
p0387-p0152-p0195-p0134-p0005,1.443779536730136,0.223,2
p0185-p0324-p0111-p0046-p0305,-0.014636517669362017,0.951,2
p0116-p0350-p0049-p0073-p0315,1.498685192771911,0.151,2
p0223-p0210-p0169-p0057-p0063,1.2159246277597775,0.276,2
p0186-p0255-p0235-p0077-p0354,2.8272734954759837,0.006,2
p0080-p0034-p0163-p0315-p0222,1.3710884748126742,0.285,2
p0190-p0213-p0288-p0138-p0086,1.5455523527715702,0.146,2
p0005-p0205-p0187-p0156-p0219,2.2627998266142906,0.063,2
p0020-p0385-p0109-p0393-p0360,1.5166261625271158,0.216,2
p0269-p0168-p0030-p0361-p0250,0.4799344328886256,0.804,2
p0384-p0108-p0295-p0354-p0265,1.6755792895372847,0.132,2
p0358-p0324-p0291-p0234-p0168,1.3041700810286905,0.316,2
p0330-p0385-p0282-p0113-p0016,1.2800313089597626,0.297,2
p0334-p0246-p0343-p0067-p0204,0.9673214414521867,0.566,2
p0109-p0089-p0146-p0095-p0361,1.5762938217267715,0.089,2
p0273-p0001-p0096-p0345-p0097,1.387189694230359,0.338,2
p0048-p0393-p0314-p0233-p0150,1.1821605294194049,0.435,2
p0330-p0263-p0232-p0203-p0173,1.2410759499353254,0.363,2
p0177-p0282-p0095-p0351-p0289,0.4070143501628963,0.85,2
p0237-p0341-p0273-p0077-p0299,1.2022096019931783,0.438,2
p0262-p0127-p0209-p0201-p0057,0.8405012408955798,0.641,2
p0352-p0284-p0118-p0184-p0394,0.7758296079076414,0.61,2
p0111-p0181-p0342-p0263-p0130,1.700166004021355,0.142,2
p0141-p0257-p0277-p0232-p0145,1.7232001201691562,0.149,2
p0229-p0070-p0358-p0099-p0063,2.0984054751068912,0.043,2
p0270-p0096-p0099-p0392-p0228,1.21018649459573,0.347,2
p0307-p0037-p0039-p0124-p0346,1.4079130876711046,0.275,2
p0273-p0237-p0221-p0182-p0307,0.7665824259273482,0.722,2
p0072-p0346-p0313-p0319-p0065,2.216386463364341,0.04,2
p0017-p0114-p0188-p0261-p0090,1.7036377570720524,0.141,2
p0324-p0011-p0323-p0398-p0070,1.5263961093280518,0.149,2
p0375-p0071-p0073-p0365-p0207,1.615150293481812,0.146,2
p0310-p0035-p0095-p0122-p0173,1.4404572205076736,0.124,2
p0368-p0344-p0152-p0179-p0342,1.8573218590346547,0.131,2
p0052-p0301-p0160-p0035-p0129,0.5088666842724959,0.842,2
p0263-p0174-p0358-p0090-p0367,1.5948747972104156,0.177,2
p0176-p0186-p0143-p0023-p0355,1.6061927373031701,0.165,2
p0323-p0228-p0316-p0322-p0088,1.9398270709379768,0.08,2
p0004-p0254-p0183-p0015-p0126,1.264570190741073,0.328,2
p0173-p0255-p0085-p0138-p0298,2.557804174972191,0.022,2
p0195-p0055-p0076-p0263-p0325,1.8791505172986387,0.066,2
p0183-p0224-p0091-p0360-p0371,0.7323986512798902,0.666,2
p0377-p0283-p0234-p0021-p0044,2.0968224681283165,0.041,2
p0195-p0268-p0384-p0069-p0213,0.9912567719610915,0.531,2
p0010-p0209-p0272-p0372-p0229,0.845903225668109,0.606,2
p0365-p0114-p0142-p0392-p0018,1.7245771101062668,0.089,2
p0105-p0214-p0137-p0145-p0272,1.2464370235170992,0.307,2
p0288-p0208-p0035-p0126-p0390,2.493792105126198,0.019,2
p0299-p0231-p0044-p0253-p0085,1.5375738141776158,0.22,2
p0367-p0068-p0308-p0274-p0214,0.5537769150214924,0.692,2
p0028-p0174-p0379-p0002-p0266,0.6072041359660408,0.756,2
p0203-p0253-p0247-p0156-p0372,1.2974419359772262,0.398,2
p0124-p0098-p0027-p0314-p0234,1.5190146163076599,0.149,2
p0260-p0352-p0107-p0325-p0143,2.0757776806455035,0.084,2
p0126-p0364-p0025-p0108-p0232,1.8289385070095667,0.043,2
p0134-p0083-p0023-p0346-p0116,2.1556466285317817,0.024,2
p0166-p0322-p0315-p0115-p0387,2.142768833897599,0.047,2
p0241-p0352-p0239-p0291-p0017,1.5435811359347307,0.223,2
p0332-p0126-p0231-p0279-p0044,0.8199403637628817,0.601,2
p0087-p0108-p0117-p0183-p0362,1.4400144760330837,0.269,2
p0392-p0002-p0224-p0050-p0120,1.5782703687378377,0.18,2
p0120-p0017-p0208-p0255-p0263,3.157785192788885,0.006,2
p0193-p0127-p0263-p0304-p0005,1.7635698026244893,0.06,2
p0067-p0391-p0248-p0092-p0247,1.543947205429398,0.138,2
p0198-p0339-p0255-p0207-p0161,2.461421739187887,0.032,2
p0216-p0102-p0312-p0162-p0252,2.6184860153122838,0.087,2
p0175-p0303-p0312-p0391-p0112,2.823287132059686,0.06,2
p0090-p0260-p0328-p0263-p0157,0.7861312810507837,0.669,2
p0084-p0355-p0190-p0334-p0189,1.0520628330378778,0.484,2
p0007-p0159-p0097-p0150-p0325,1.840766153629251,0.073,2
p0318-p0394-p0057-p0211-p0221,2.168076205963948,0.121,2
p0153-p0154-p0166-p0226-p0126,0.9760154294406472,0.537,2
p0326-p0313-p0014-p0070-p0097,2.297442443629197,0.036,2
p0186-p0118-p0290-p0209-p0248,1.6589155274532834,0.176,2
p0241-p0332-p0051-p0194-p0201,1.280631584522616,0.297,2
p0180-p0316-p0255-p0023-p0114,2.6105500728690285,0.01,2
p0037-p0224-p0068-p0202-p0025,0.8605647273849164,0.669,2
p0036-p0043-p0318-p0109-p0270,1.4824229107659865,0.203,2
p0160-p0105-p0037-p0083-p0222,1.1928570446976179,0.365,2
p0270-p0134-p0357-p0288-p0319,1.2056720922058064,0.36,2
p0120-p0397-p0202-p0140-p0024,2.3157979268686626,0.025,2
p0196-p0082-p0092-p0135-p0019,1.4765836160666719,0.143,2
p0293-p0382-p0130-p0001-p0243,0.6347109187209751,0.731,2
p0121-p0279-p0120-p0258-p0108,2.0257776811512547,0.068,2
p0387-p0048-p0368-p0005-p0317,1.4767868475225072,0.213,2
p0002-p0397-p0036-p0015-p0263,1.8047172422378153,0.056,2
p0388-p0009-p0019-p0257-p0235,0.8160843596054652,0.669,2
p0278-p0249-p0007-p0162-p0248,1.8666370960361633,0.14,2
p0248-p0395-p0372-p0080-p0131,0.031373696664378156,0.891,2
p0241-p0389-p0209-p0398-p0098,1.8626891015319134,0.062,2
p0269-p0196-p0035-p0096-p0266,1.3354597881164585,0.25,2
p0368-p0108-p0117-p0232-p0146,1.5852464810779205,0.146,2
p0105-p0096-p0027-p0068-p0200,1.4200830501640296,0.207,2
p0125-p0110-p0150-p0255-p0262,1.284790257562601,0.357,2
p0354-p0332-p0390-p0338-p0111,1.7191517647242656,0.08,2
p0229-p0018-p0319-p0279-p0352,1.0550264653456023,0.509,2
p0225-p0155-p0042-p0291-p0027,1.3875187558132245,0.224,2
p0068-p0093-p0188-p0278-p0136,2.187031532613264,0.027,2
p0001-p0231-p0199-p0017-p0009,0.6808247490453129,0.714,2
p0098-p0396-p0217-p0317-p0118,1.5401732623006184,0.115,2
p0009-p0366-p0204-p0132-p0033,0.5723366718320978,0.815,2
p0253-p0148-p0195-p0103-p0249,2.147605134587058,0.059,2
p0321-p0377-p0052-p0183-p0043,0.8990549453291645,0.598,2
p0076-p0210-p0303-p0187-p0278,3.545758744107307,0.005,2
p0102-p0060-p0250-p0120-p0174,1.513913397333928,0.2,2
p0153-p0026-p0370-p0324-p0171,1.4022665500125095,0.293,2
p0107-p0301-p0234-p0188-p0119,0.789820449392981,0.653,2
p0318-p0016-p0262-p0380-p0220,1.145042758926436,0.463,2
p0050-p0083-p0160-p0174-p0338,1.342818716700917,0.271,2
p0179-p0256-p0369-p0148-p0167,1.092926725012516,0.484,2
p0132-p0233-p0311-p0197-p0313,1.8722054903551248,0.112,2
p0145-p0229-p0288-p0192-p0101,0.5027603137323,0.794,2
p0083-p0022-p0222-p0305-p0195,1.1935186201861716,0.383,2
p0324-p0369-p0122-p0075-p0052,1.3647219035736253,0.206,2
p0067-p0337-p0047-p0118-p0205,1.209594452933015,0.348,2
p0332-p0366-p0207-p0009-p0186,0.8637835903237945,0.624,2
p0286-p0067-p0015-p0135-p0253,1.6853226180747785,0.115,2
p0014-p0027-p0366-p0244-p0287,1.052662888816914,0.49,2
p0278-p0200-p0169-p0168-p0065,1.2133270579752362,0.364,2
p0027-p0289-p0085-p0182-p0151,1.1456272386122117,0.406,2
p0001-p0249-p0220-p0024-p0389,1.9656785814289177,0.132,2
p0202-p0358-p0032-p0001-p0018,1.537001203449968,0.2,2
p0228-p0128-p0334-p0262-p0047,1.151272935797278,0.405,2
p0354-p0283-p0344-p0025-p0116,0.9284060316590563,0.566,2
p0111-p0139-p0340-p0037-p0117,-0.3759743242943465,0.98,2
p0396-p0303-p0106-p0043-p0264,2.042789783925896,0.034,2
p0399-p0185-p0035-p0237-p0294,1.7434170428143492,0.153,2
p0283-p0308-p0285-p0030-p0247,2.111642456808,0.137,2
p0185-p0063-p0271-p0290-p0050,1.0100842143088145,0.506,2
p0300-p0344-p0234-p0064-p0117,1.5564370745178682,0.133,2
p0138-p0043-p0089-p0209-p0175,1.46397715977185,0.114,2
p0177-p0286-p0189-p0064-p0008,1.0388090222972395,0.448,2
p0189-p0195-p0266-p0062-p0181,1.8261869325823414,0.054,2
p0382-p0107-p0397-p0207-p0322,1.8450040576577336,0.112,2
p0146-p0304-p0197-p0237-p0010,1.0898636303316709,0.422,2
p0011-p0088-p0177-p0091-p0136,1.2446234365632796,0.355,2
p0236-p0032-p0300-p0178-p0139,0.4085854402220437,0.882,2
p0278-p0107-p0136-p0263-p0169,2.346228218560676,0.025,2
p0283-p0364-p0391-p0104-p0219,1.0176323867027477,0.497,2
p0231-p0235-p0217-p0173-p0154,1.1005673476130091,0.418,2
p0340-p0152-p0363-p0041-p0061,1.82631011242848,0.164,2
p0060-p0095-p0358-p0023-p0356,2.105194376733273,0.021,2
p0192-p0291-p0081-p0172-p0063,1.6533722022364423,0.091,2
p0007-p0168-p0022-p0262-p0119,0.3947795557074952,0.887,2
p0052-p0235-p0120-p0030-p0138,1.7000327600817962,0.098,2
p0140-p0035-p0171-p0074-p0215,1.2543594374973661,0.335,2
p0037-p0249-p0008-p0167-p0197,1.2581388955111488,0.399,2
p0033-p0132-p0348-p0133-p0209,1.1273454718022433,0.4,2
p0229-p0200-p0143-p0207-p0230,1.5693591862075635,0.182,2
p0231-p0355-p0343-p0029-p0238,1.9103465870098268,0.076,2
p0344-p0075-p0066-p0384-p0012,1.7739735523078337,0.113,2
p0322-p0131-p0309-p0208-p0177,2.650930228028425,0.026,2
p0284-p0246-p0100-p0196-p0037,1.7802115705513069,0.167,2
p0067-p0379-p0311-p0248-p0159,1.6585213154170089,0.136,2
p0376-p0005-p0248-p0327-p0207,1.5564256114715713,0.144,2
p0377-p0199-p0241-p0229-p0105,1.1986971922976015,0.414,2
p0021-p0102-p0335-p0023-p0032,1.3404622546803757,0.247,2
p0235-p0197-p0182-p0350-p0344,0.007131661192827079,0.951,2
p0234-p0257-p0352-p0073-p0002,0.6825319365201996,0.724,2
p0325-p0009-p0356-p0091-p0248,1.2543989389153265,0.363,2
p0011-p0378-p0211-p0184-p0285,0.050632769278986495,0.87,2
p0368-p0224-p0335-p0274-p0235,0.10718231271947387,0.907,2
p0303-p0261-p0066-p0371-p0311,2.0464171710855106,0.047,2
p0263-p0138-p0327-p0325-p0125,1.5709441350462772,0.143,2
p0272-p0126-p0188-p0343-p0334,1.249439050763378,0.344,2
p0145-p0189-p0373-p0362-p0118,1.7896809551932438,0.137,2
p0396-p0395-p0072-p0016-p0274,0.8905041511891275,0.59,2
p0398-p0108-p0147-p0309-p0199,2.847417669768317,0.035,2
p0326-p0062-p0299-p0027-p0090,1.3206567634311728,0.213,2
p0086-p0094-p0261-p0262-p0119,0.913707696730472,0.609,2
p0160-p0242-p0139-p0293-p0181,0.189632390350233,0.87,2
p0232-p0357-p0282-p0127-p0036,0.8620942332651359,0.633,2
p0193-p0253-p0042-p0179-p0222,1.287999904025002,0.372,2
p0049-p0249-p0340-p0129-p0345,1.7265117274648647,0.235,2
p0198-p0294-p0188-p0322-p0092,1.8866093150731835,0.177,2
p0188-p0134-p0377-p0123-p0346,2.0272137520954425,0.056,2
p0345-p0280-p0141-p0272-p0067,1.7812315062752162,0.156,2
p0342-p0393-p0310-p0175-p0108,2.0031545922034293,0.07,2
p0110-p0135-p0010-p0179-p0263,0.8285805761171942,0.652,2
p0355-p0328-p0278-p0148-p0040,0.8091938376141269,0.647,2
p0081-p0256-p0028-p0120-p0034,1.6149870914185906,0.13,2
p0074-p0333-p0018-p0248-p0136,1.655194600373942,0.096,2
p0134-p0181-p0045-p0024-p0169,2.033317136472123,0.041,2
p0165-p0105-p0345-p0294-p0257,2.2532837130062324,0.072,2
p0156-p0291-p0324-p0211-p0162,1.4615851827282398,0.197,2
p0317-p0373-p0367-p0330-p0249,1.1067940177144537,0.479,2
p0172-p0132-p0030-p0069-p0262,1.565838799536503,0.12,2
p0393-p0023-p0252-p0111-p0360,1.8513742905917534,0.072,2
p0015-p0147-p0122-p0298-p0007,1.6610651040661286,0.115,2
p0157-p0228-p0029-p0020-p0151,1.304305462816949,0.287,2
p0075-p0168-p0338-p0018-p0162,0.5384081394005692,0.784,2
p0051-p0261-p0393-p0383-p0142,1.752815774992146,0.101,2
p0255-p0351-p0156-p0003-p0021,1.7928470624171775,0.139,2
p0107-p0127-p0153-p0039-p0344,1.8836110078334225,0.028,2
p0065-p0022-p0110-p0091-p0345,1.3192743248498535,0.352,2
p0392-p0175-p0367-p0014-p0384,1.0068920274605162,0.536,2
p0087-p0081-p0249-p0069-p0252,2.077077815288738,0.075,2
p0132-p0369-p0381-p0160-p0247,1.8296839894877244,0.071,2
p0007-p0381-p0394-p0112-p0382,1.3196813097831896,0.274,2
p0194-p0369-p0235-p0279-p0193,1.787396952950806,0.087,2
p0108-p0124-p0008-p0082-p0311,1.5285125155143915,0.228,2
p0023-p0139-p0228-p0106-p0005,0.6612399735676987,0.77,2
p0201-p0279-p0143-p0034-p0396,1.4390541646759194,0.288,2
p0023-p0373-p0136-p0219-p0277,1.7843654240042162,0.126,2
p0139-p0391-p0074-p0048-p0152,0.8908074764005015,0.597,2
p0056-p0102-p0115-p0164-p0034,1.3984191040357272,0.256,2
p0122-p0205-p0159-p0179-p0255,2.348152700847817,0.032,2
p0194-p0153-p0273-p0377-p0350,1.5359915277411438,0.189,2
p0333-p0298-p0004-p0168-p0351,0.8755175245442733,0.608,2
p0026-p0365-p0338-p0375-p0236,2.218439325393203,0.024,2
p0095-p0262-p0201-p0000-p0269,0.21877186507972565,0.944,2
p0399-p0371-p0139-p0379-p0394,1.071127005563288,0.453,2
p0319-p0092-p0110-p0342-p0154,1.7996144706118284,0.115,2
p0137-p0067-p0059-p0273-p0076,1.339238120076568,0.28,2
p0170-p0115-p0064-p0205-p0129,1.4930793408803915,0.24,2
p0163-p0342-p0143-p0085-p0094,1.7462129825420623,0.1,2
p0087-p0156-p0176-p0310-p0077,0.8060313263625051,0.663,2
p0225-p0321-p0196-p0366-p0163,2.1314668853879333,0.028,2
p0068-p0314-p0273-p0370-p0153,1.0121367523032705,0.535,2
p0091-p0191-p0201-p0168-p0270,0.19141645538309593,0.857,2
p0277-p0055-p0108-p0122-p0299,1.300810610913212,0.286,2
p0005-p0257-p0186-p0164-p0310,0.2176427398554932,0.88,2
p0393-p0121-p0150-p0145-p0049,1.7552328836760358,0.171,2
p0203-p0093-p0287-p0190-p0155,0.8534501723447439,0.617,2
p0190-p0070-p0104-p0007-p0020,2.164886191081032,0.014,2
p0208-p0399-p0136-p0141-p0229,1.909431163401504,0.084,2
p0324-p0239-p0389-p0273-p0137,1.2513901820250541,0.371,2
p0382-p0246-p0301-p0101-p0303,1.1400780877249026,0.426,2
p0135-p0208-p0307-p0108-p0055,1.946585153545276,0.086,2
p0344-p0005-p0049-p0180-p0367,0.3872498891993031,0.844,2
p0199-p0323-p0171-p0363-p0031,1.6832252135880914,0.228,2
p0096-p0024-p0132-p0062-p0399,1.8203977488304721,0.052,2
p0230-p0042-p0380-p0318-p0126,2.0174255466997133,0.091,2
p0339-p0326-p0318-p0235-p0182,2.024285698571787,0.101,2
p0030-p0266-p0371-p0338-p0074,1.1006147218440607,0.425,2
p0308-p0205-p0257-p0027-p0111,1.782959623875546,0.226,2
p0131-p0073-p0020-p0165-p0102,0.9467752073771085,0.551,2
p0398-p0198-p0137-p0343-p0248,2.238248020579537,0.044,2
p0308-p0317-p0387-p0075-p0366,1.6690327279975206,0.241,2
p0084-p0211-p0148-p0179-p0013,1.1441960769314996,0.382,2
p0252-p0113-p0063-p0178-p0051,1.198450682899101,0.297,2
p0325-p0342-p0085-p0341-p0074,2.02908739932169,0.102,2
p0233-p0190-p0029-p0213-p0027,1.2166418502329825,0.327,2
p0173-p0017-p0126-p0266-p0334,0.855326200050201,0.607,2
p0104-p0111-p0325-p0069-p0084,1.6478011438507658,0.094,2
p0201-p0350-p0352-p0006-p0002,0.4493779546752708,0.777,2
p0389-p0332-p0025-p0343-p0262,0.7882383924601798,0.68,2
p0077-p0352-p0335-p0153-p0221,0.8859306011380119,0.571,2
p0128-p0348-p0332-p0131-p0395,1.4919939575455918,0.203,2
p0172-p0008-p0113-p0174-p0364,1.5349022269764894,0.133,2
p0261-p0389-p0008-p0066-p0294,1.5282034787574428,0.26,2
p0205-p0249-p0174-p0209-p0070,2.3544857765507796,0.043,2
p0363-p0263-p0111-p0207-p0335,2.262210735718781,0.06,2
p0050-p0065-p0247-p0235-p0334,0.9273120715896698,0.572,2
p0379-p0147-p0184-p0396-p0325,2.094413776159065,0.068,2
p0090-p0322-p0241-p0372-p0361,1.097140090906158,0.497,2
p0190-p0272-p0378-p0005-p0018,1.1182078718367392,0.435,2
p0185-p0154-p0227-p0146-p0389,0.44521106676333894,0.864,2
p0265-p0221-p0009-p0217-p0253,1.5470988788227193,0.228,2
p0163-p0242-p0160-p0073-p0325,1.5093202196898934,0.212,2
p0080-p0155-p0105-p0271-p0197,1.4694637433733284,0.234,2
p0393-p0242-p0161-p0036-p0394,2.2940736562119852,0.056,2
p0195-p0026-p0181-p0232-p0015,0.8177678985105555,0.665,2
p0370-p0393-p0326-p0286-p0211,1.679460958726586,0.172,2
p0072-p0153-p0167-p0004-p0348,1.2154182791049684,0.315,2
p0144-p0121-p0016-p0123-p0197,1.6489426498830304,0.157,2
p0269-p0197-p0230-p0250-p0140,1.5758041691452218,0.22,2
p0377-p0381-p0013-p0146-p0378,0.16204402211691094,0.938,2
p0081-p0238-p0300-p0377-p0183,1.2486635408198001,0.339,2
p0014-p0247-p0298-p0249-p0080,1.9560075630858642,0.103,2
p0397-p0042-p0029-p0320-p0008,1.4776642079411675,0.102,2
p0361-p0229-p0303-p0372-p0256,1.6027633120012368,0.257,2
p0333-p0127-p0183-p0080-p0131,1.4355020584710727,0.216,2
p0384-p0058-p0265-p0076-p0342,1.9032534699443242,0.134,2
p0069-p0159-p0144-p0375-p0334,2.497243971264216,0.008,2
p0241-p0045-p0093-p0046-p0344,1.0570246155827387,0.458,2
p0126-p0111-p0379-p0089-p0347,1.7915802884890992,0.127,2
p0206-p0161-p0372-p0230-p0077,1.1287390640863308,0.447,2
p0277-p0382-p0167-p0191-p0196,1.3470641975583606,0.318,2
p0348-p0243-p0048-p0111-p0147,1.364598440952045,0.263,2
p0097-p0127-p0092-p0168-p0333,0.8794140636792585,0.593,2
p0364-p0376-p0069-p0146-p0310,2.221044776392178,0.017,2
p0391-p0204-p0017-p0031-p0264,0.8240167599251614,0.637,2
p0338-p0244-p0074-p0102-p0100,1.3894484699987548,0.206,2
p0052-p0042-p0199-p0299-p0274,1.1373725704966327,0.476,2
p0391-p0216-p0223-p0021-p0178,0.31472491230830624,0.866,2
p0085-p0130-p0172-p0233-p0093,1.464374619327711,0.141,2
p0058-p0062-p0256-p0225-p0004,1.6921190202489231,0.084,2
p0210-p0122-p0011-p0058-p0160,1.246797840204599,0.278,2
p0270-p0265-p0289-p0272-p0185,0.905975691131024,0.562,2
p0362-p0037-p0231-p0071-p0383,1.4188798664472888,0.233,2
p0339-p0348-p0258-p0011-p0361,1.0656391241123542,0.485,2
p0365-p0373-p0202-p0219-p0181,1.1285154990858588,0.42,2
p0047-p0065-p0172-p0113-p0044,1.5912917494668843,0.083,2
p0089-p0213-p0187-p0287-p0065,1.553288268492135,0.23,2
p0184-p0165-p0000-p0239-p0381,0.8577968927889079,0.613,2
p0355-p0333-p0358-p0075-p0204,0.703479128040494,0.694,2
p0028-p0356-p0149-p0088-p0213,0.5598591336199849,0.782,2
p0323-p0211-p0325-p0047-p0126,1.3391386344411882,0.29,2
p0307-p0133-p0277-p0366-p0014,0.4152193266336676,0.857,2
p0040-p0354-p0346-p0199-p0020,2.32300454481084,0.024,2
p0133-p0347-p0162-p0394-p0397,0.9171248292982559,0.576,2
p0371-p0068-p0292-p0272-p0008,0.7989584098734156,0.688,2
p0177-p0261-p0285-p0180-p0339,1.41164398863386,0.339,2
p0379-p0080-p0265-p0209-p0059,1.9098183418966805,0.117,2
p0166-p0312-p0253-p0077-p0375,4.263945144428179,0.007,2
p0378-p0295-p0054-p0310-p0076,1.7627417737268778,0.125,2
p0316-p0287-p0344-p0219-p0208,1.325117600354954,0.344,2
p0344-p0320-p0138-p0056-p0287,0.43464442755931887,0.873,2
p0072-p0384-p0357-p0395-p0339,1.4278896797866967,0.313,2
p0157-p0358-p0044-p0301-p0151,0.9627168937292057,0.558,2
p0134-p0265-p0151-p0051-p0093,1.949373289913904,0.072,2
p0365-p0295-p0328-p0200-p0157,0.25177906695379826,0.878,2
p0246-p0236-p0081-p0311-p0112,2.9741216529626544,0.004,2
p0049-p0319-p0355-p0125-p0279,0.1647944280882754,0.891,2
p0237-p0041-p0195-p0117-p0278,1.1499123397634645,0.393,2
p0044-p0038-p0190-p0155-p0291,1.4094712935188094,0.22,2
p0154-p0226-p0150-p0196-p0042,1.522576008098335,0.209,2
p0304-p0085-p0174-p0165-p0124,0.8292862460438801,0.642,2
p0155-p0108-p0040-p0322-p0152,1.7585924398878194,0.148,2
p0340-p0338-p0065-p0323-p0333,0.9472447795163217,0.569,2
p0025-p0142-p0373-p0030-p0309,2.200753072632474,0.072,2
p0346-p0175-p0290-p0079-p0398,2.236934695352538,0.06,2
p0285-p0346-p0355-p0233-p0125,0.4799429549105432,0.742,2
p0253-p0375-p0051-p0344-p0133,1.9424652539008558,0.086,2
p0263-p0367-p0164-p0241-p0101,0.7595468767118643,0.661,2
p0196-p0193-p0202-p0062-p0269,1.6507427069457266,0.114,2
p0250-p0347-p0289-p0284-p0098,1.0304308337188135,0.513,2
p0086-p0129-p0298-p0232-p0010,0.913965557091397,0.552,2
p0232-p0128-p0111-p0265-p0169,1.2801688800930686,0.332,2
p0120-p0242-p0304-p0071-p0005,1.6925422754568962,0.139,2
p0236-p0133-p0256-p0177-p0380,1.2842367201178895,0.234,2
p0036-p0256-p0347-p0283-p0304,0.9717890867587223,0.514,2
p0392-p0304-p0013-p0288-p0160,1.081923249361653,0.475,2
p0173-p0384-p0257-p0379-p0394,0.5682438027789576,0.719,2
p0317-p0116-p0182-p0341-p0318,1.7895756889809478,0.181,2
p0319-p0207-p0035-p0186-p0335,1.136711684551464,0.376,2
p0035-p0027-p0145-p0355-p0032,0.49001469164973055,0.836,2
p0277-p0112-p0338-p0080-p0279,1.1301982403735245,0.453,2
p0263-p0194-p0037-p0106-p0115,1.9482305615811306,0.075,2
p0054-p0195-p0007-p0314-p0213,0.22385465297447701,0.959,2
p0063-p0028-p0022-p0348-p0356,1.0892142505217297,0.442,2
p0096-p0351-p0008-p0147-p0304,0.7729323717006635,0.646,2
p0293-p0387-p0367-p0319-p0185,0.5649643989766051,0.747,2
p0074-p0140-p0095-p0104-p0271,1.2393416572677947,0.293,2
p0381-p0191-p0358-p0360-p0142,1.107627951787549,0.491,2
p0081-p0072-p0016-p0393-p0101,0.8500912522550366,0.655,2
p0362-p0114-p0270-p0048-p0269,1.0912245202972095,0.462,2
p0151-p0298-p0258-p0074-p0287,0.910704354083781,0.584,2
p0152-p0248-p0324-p0081-p0280,1.793577366357136,0.084,2
p0005-p0219-p0381-p0083-p0040,1.1172410331626803,0.416,2
p0360-p0231-p0338-p0171-p0241,0.5469030929272822,0.784,2
p0362-p0289-p0379-p0190-p0006,0.7953743561935682,0.649,2
p0241-p0138-p0235-p0314-p0193,1.4439704386689496,0.193,2
p0246-p0209-p0290-p0394-p0154,1.3586840114117946,0.354,2
p0229-p0032-p0354-p0312-p0081,2.684409966192149,0.072,2
p0033-p0095-p0098-p0127-p0174,1.4006046538229857,0.148,2
p0065-p0182-p0093-p0164-p0219,0.879941986584785,0.608,2
p0042-p0391-p0012-p0254-p0008,1.487618715635165,0.134,2
p0083-p0246-p0197-p0192-p0009,1.167736764440988,0.429,2
p0344-p0325-p0265-p0261-p0375,1.6978890302678522,0.175,2
p0199-p0029-p0177-p0181-p0189,1.9068263984887401,0.083,2
p0151-p0057-p0386-p0314-p0230,1.926504589017989,0.119,2
p0379-p0128-p0011-p0002-p0183,1.0618689720722077,0.469,2
p0236-p0148-p0000-p0001-p0168,0.0870403571273305,0.937,2
p0094-p0025-p0112-p0379-p0113,0.9275045031223789,0.573,2
p0045-p0254-p0325-p0193-p0093,1.4966404307274057,0.151,2
p0157-p0224-p0371-p0174-p0112,0.1593628503614604,0.944,2
p0104-p0285-p0039-p0262-p0052,1.3018240419552938,0.375,2
p0042-p0014-p0386-p0254-p0379,2.4958497331303064,0.043,2
p0149-p0315-p0130-p0040-p0259,1.4071480727827905,0.321,2
p0273-p0362-p0321-p0370-p0027,1.5407122562810047,0.262,2
p0242-p0175-p0396-p0071-p0035,1.101317007004317,0.472,2
p0013-p0326-p0003-p0338-p0223,1.5895783442523215,0.145,2
p0241-p0075-p0182-p0348-p0215,0.9921442127234095,0.504,2
p0192-p0005-p0093-p0246-p0066,1.5087554437136217,0.266,2
p0139-p0305-p0132-p0242-p0147,1.8174560119271506,0.144,2
p0361-p0126-p0337-p0189-p0152,1.3761185543434629,0.299,2
p0282-p0088-p0192-p0136-p0028,0.9575466974382018,0.539,2
p0064-p0341-p0318-p0161-p0023,1.963728523238594,0.11,2
p0294-p0263-p0155-p0375-p0148,1.8854197630780813,0.121,2
p0315-p0325-p0391-p0358-p0347,1.2015362474699334,0.39,2
p0140-p0286-p0113-p0388-p0058,0.5745063956619837,0.76,2
p0305-p0005-p0131-p0194-p0145,1.5148307274150727,0.167,2
p0046-p0099-p0195-p0140-p0196,1.4292409944064475,0.161,2
p0277-p0088-p0324-p0274-p0270,0.3786107231516852,0.86,2
p0367-p0347-p0210-p0278-p0100,0.5470501830832197,0.775,2
p0272-p0396-p0343-p0314-p0181,1.3567228801456923,0.251,2
p0243-p0051-p0273-p0326-p0213,1.438236584227879,0.207,2
p0287-p0059-p0272-p0220-p0149,0.7892068320553212,0.654,2
p0319-p0108-p0259-p0033-p0200,1.585010207421246,0.204,2
p0162-p0231-p0075-p0301-p0122,-0.92373534712689,0.997,2
p0050-p0319-p0292-p0264-p0304,0.9535009821222818,0.545,2
p0146-p0136-p0022-p0020-p0059,1.6327892344233275,0.089,2
p0052-p0297-p0380-p0366-p0096,2.245480977201216,0.042,2
p0371-p0112-p0216-p0019-p0085,0.886500687887608,0.585,2
p0342-p0014-p0324-p0209-p0066,1.469396650611711,0.249,2
p0141-p0089-p0006-p0073-p0316,1.464715263240775,0.141,2
p0313-p0073-p0131-p0314-p0170,1.417975302651969,0.286,2
p0063-p0133-p0314-p0211-p0106,1.1336338404403545,0.4,2
p0074-p0202-p0311-p0187-p0175,2.353920608317253,0.043,2
p0031-p0165-p0044-p0297-p0241,2.5573842774660105,0.012,2
p0134-p0073-p0236-p0261-p0148,1.08206197372198,0.455,2
p0324-p0024-p0348-p0311-p0069,1.7615441208081408,0.07,2
p0076-p0343-p0102-p0310-p0025,1.324929560126757,0.206,2
p0247-p0110-p0208-p0263-p0375,1.2477409186743411,0.371,2
p0221-p0283-p0139-p0048-p0266,1.0687215666798733,0.433,2
p0076-p0347-p0207-p0004-p0326,1.5207278400983524,0.142,2
p0156-p0069-p0034-p0038-p0234,1.7836573690065154,0.051,2
p0236-p0038-p0223-p0082-p0178,1.4206735340495829,0.176,2
p0199-p0248-p0017-p0327-p0215,0.935774732813704,0.583,2
p0244-p0189-p0035-p0162-p0347,1.5646921915041085,0.119,2
p0123-p0320-p0015-p0184-p0299,1.2005208616610072,0.325,2
p0292-p0373-p0162-p0033-p0262,0.84556012186879,0.61,2
p0314-p0002-p0118-p0351-p0346,0.825327993937458,0.63,2
p0023-p0260-p0323-p0030-p0200,1.3776563079973456,0.28,2
p0217-p0183-p0273-p0004-p0083,1.4109358643120107,0.281,2
p0148-p0345-p0038-p0060-p0291,1.7808309714168986,0.14,2
p0096-p0037-p0194-p0081-p0131,1.3390117940748465,0.241,2
p0038-p0026-p0039-p0368-p0203,1.8451210566499998,0.106,2
p0206-p0142-p0346-p0086-p0056,2.149628836520809,0.021,2
p0156-p0088-p0287-p0086-p0361,1.1093851471771006,0.445,2
p0307-p0355-p0148-p0059-p0074,1.3799986230206611,0.228,2
p0174-p0035-p0014-p0003-p0301,1.080489589096639,0.432,2
p0057-p0094-p0209-p0123-p0379,1.8978264162000653,0.063,2
p0093-p0244-p0396-p0043-p0398,1.1314709763089896,0.4,2
p0062-p0140-p0146-p0102-p0004,1.2780967196309119,0.253,2
p0066-p0029-p0009-p0134-p0122,1.061497655125884,0.426,2
p0147-p0117-p0096-p0387-p0005,1.766477188068196,0.087,2
p0365-p0205-p0030-p0140-p0004,1.543570782975068,0.152,2
p0034-p0387-p0363-p0062-p0362,1.922165353391614,0.149,2
p0165-p0211-p0029-p0063-p0260,1.1243730626285702,0.432,2
p0195-p0391-p0279-p0238-p0145,1.1383030700754608,0.416,2
p0342-p0293-p0391-p0399-p0253,1.4036037641339805,0.303,2
p0314-p0262-p0267-p0059-p0040,0.45874263570858576,0.812,2
p0226-p0033-p0177-p0320-p0091,1.4089360847721664,0.255,2
p0037-p0261-p0126-p0166-p0172,1.5516295328503136,0.136,2
p0292-p0197-p0115-p0211-p0360,1.675680939733985,0.147,2
p0107-p0266-p0050-p0019-p0120,1.7402157115352146,0.131,2
p0042-p0105-p0360-p0375-p0379,1.227452022793374,0.428,2
p0305-p0015-p0319-p0081-p0282,1.5085176288789448,0.164,2
p0140-p0264-p0202-p0286-p0163,1.0305643933054525,0.486,2
p0352-p0250-p0118-p0117-p0267,0.3645996058312644,0.801,2
p0097-p0283-p0150-p0214-p0044,1.5627421341168086,0.155,2
p0231-p0216-p0303-p0232-p0109,1.2327190319148924,0.375,2
p0123-p0082-p0155-p0052-p0019,0.8282583269485531,0.641,2
p0076-p0184-p0046-p0107-p0379,1.815168647225706,0.123,2
p0122-p0114-p0271-p0241-p0178,0.882922435826485,0.645,2
p0196-p0388-p0005-p0083-p0194,1.0985600373310627,0.466,2
p0111-p0192-p0104-p0199-p0398,1.5830945424660843,0.242,2
p0044-p0070-p0178-p0195-p0322,1.7032275187310308,0.144,2
p0312-p0269-p0116-p0126-p0384,2.223928807876066,0.105,2
p0217-p0394-p0081-p0333-p0089,1.0304015063763539,0.492,2
p0016-p0030-p0246-p0395-p0145,1.1017116897615946,0.464,2
p0051-p0376-p0012-p0112-p0182,1.1256504767967124,0.392,2
p0241-p0185-p0385-p0119-p0297,2.3322349931770026,0.01,2
p0356-p0155-p0186-p0000-p0325,0.8695471204052112,0.59,2
p0039-p0156-p0214-p0022-p0292,1.4541085058431111,0.164,2
p0304-p0299-p0399-p0048-p0193,1.41528342221711,0.131,2
p0350-p0207-p0005-p0152-p0018,1.3000700694660967,0.291,2
p0104-p0006-p0003-p0186-p0312,2.3756790991779426,0.121,2
p0391-p0199-p0244-p0002-p0203,0.9062005908227382,0.618,2
p0206-p0280-p0191-p0036-p0126,1.7319541561506722,0.13,2
p0265-p0016-p0305-p0290-p0162,1.0921309072809908,0.46,2
p0079-p0074-p0202-p0389-p0151,2.1061411845962055,0.03,2
p0390-p0392-p0084-p0246-p0017,1.7666792004170362,0.197,2
p0150-p0111-p0222-p0080-p0083,1.182134142210169,0.409,2
p0152-p0084-p0306-p0090-p0167,1.3136908339065747,0.351,2
p0091-p0095-p0282-p0051-p0234,1.4386325199297691,0.278,2
p0256-p0001-p0100-p0345-p0034,1.2567591377924745,0.4,2
p0214-p0070-p0205-p0123-p0317,1.9917077784131476,0.036,2
p0190-p0272-p0140-p0372-p0002,0.03262392537525711,0.896,2
p0130-p0017-p0067-p0133-p0201,0.17057477501301782,0.881,2
p0378-p0026-p0348-p0233-p0174,0.7081167508115671,0.743,2
p0381-p0189-p0322-p0328-p0325,1.9937680276161283,0.071,2
p0034-p0161-p0091-p0268-p0384,1.4173759405167914,0.322,2
p0140-p0367-p0027-p0301-p0191,0.05035754096758997,0.871,2
p0148-p0287-p0364-p0161-p0220,0.9445171388247459,0.588,2
p0294-p0362-p0056-p0127-p0284,1.879261174962844,0.162,2
p0000-p0135-p0255-p0002-p0125,2.362561071418391,0.021,2
p0265-p0195-p0386-p0041-p0139,1.2935733111099958,0.347,2
p0085-p0133-p0386-p0122-p0157,0.6427983918584279,0.733,2
p0170-p0304-p0085-p0260-p0091,1.1188504044474699,0.454,2
p0082-p0185-p0298-p0366-p0334,0.32890486181257367,0.872,2
p0328-p0243-p0363-p0209-p0282,1.885591633848806,0.14,2
p0256-p0174-p0076-p0303-p0227,0.849053012280772,0.636,2
p0096-p0363-p0389-p0160-p0026,2.2488097455463114,0.06,2
p0337-p0216-p0149-p0080-p0393,1.49592873985152,0.226,2
p0299-p0310-p0338-p0176-p0343,1.2664580865094037,0.329,2
p0259-p0388-p0297-p0151-p0280,2.1719207563474727,0.057,2
p0043-p0220-p0333-p0248-p0256,0.8250031026051677,0.638,2
p0052-p0284-p0278-p0360-p0261,1.4859742672871308,0.316,2
p0155-p0133-p0045-p0152-p0337,1.2666887990414146,0.351,2
p0330-p0376-p0206-p0392-p0360,1.1469179561039917,0.442,2
p0105-p0118-p0309-p0376-p0289,2.9145416248556644,0.018,2
p0067-p0114-p0365-p0058-p0277,1.675130246321279,0.116,2
p0009-p0189-p0015-p0286-p0066,0.41652894566667326,0.915,2
p0190-p0290-p0325-p0350-p0269,1.582856672134266,0.189,2
p0040-p0317-p0225-p0047-p0018,1.528687548567779,0.071,2
p0082-p0094-p0205-p0319-p0317,1.0325550376543555,0.444,2
p0067-p0150-p0140-p0165-p0020,1.8302618582659094,0.084,2
p0069-p0244-p0071-p0011-p0357,1.089728949535365,0.445,2
p0343-p0039-p0100-p0216-p0358,1.8035467501400213,0.096,2
p0261-p0061-p0398-p0210-p0007,0.9770181810100971,0.535,2
p0208-p0083-p0247-p0256-p0130,1.9089822770870386,0.064,2
p0396-p0129-p0040-p0137-p0350,0.8662217657840382,0.593,2
p0058-p0073-p0256-p0066-p0083,1.181710124034617,0.327,2
p0182-p0194-p0398-p0090-p0221,1.305190665233339,0.287,2
p0228-p0042-p0172-p0061-p0079,1.7002140875201606,0.054,2
p0086-p0165-p0124-p0129-p0047,1.2832046973481686,0.289,2
p0161-p0021-p0157-p0179-p0390,1.3695533201845507,0.261,2
p0317-p0176-p0248-p0306-p0187,1.913003082536024,0.092,2
p0352-p0057-p0259-p0394-p0052,1.4297221218292901,0.306,2
p0095-p0246-p0087-p0274-p0076,1.6419123459980935,0.226,2
p0120-p0263-p0140-p0339-p0122,1.8306435263967231,0.093,2
p0025-p0040-p0313-p0162-p0280,1.0643412189373052,0.503,2
p0025-p0211-p0280-p0244-p0046,1.4083823973916612,0.209,2
p0088-p0023-p0397-p0327-p0315,1.2522175347642648,0.307,2
p0029-p0160-p0268-p0289-p0273,1.3155816188268248,0.32,2
p0140-p0226-p0001-p0198-p0127,1.254890379558421,0.367,2
p0348-p0233-p0305-p0312-p0042,3.0298057892977583,0.049,2
p0072-p0303-p0052-p0262-p0180,1.7352524810057353,0.075,2
p0397-p0007-p0061-p0153-p0355,1.8226229132998681,0.074,2
p0148-p0183-p0394-p0303-p0076,2.3165293546437464,0.048,2
p0157-p0357-p0054-p0201-p0126,-0.1910230612947174,0.979,2
p0085-p0168-p0113-p0091-p0244,0.3062186588209434,0.834,2
p0083-p0217-p0125-p0114-p0234,1.6822720239011706,0.082,2
p0256-p0099-p0307-p0178-p0093,0.7929048780891841,0.673,2
p0274-p0327-p0388-p0049-p0016,1.0586766496033355,0.501,2
p0099-p0376-p0114-p0193-p0157,1.097884742787993,0.421,2
p0377-p0235-p0253-p0041-p0012,1.7206424206082223,0.163,2
p0397-p0214-p0204-p0242-p0155,1.3804601111570427,0.275,2
p0350-p0236-p0170-p0367-p0290,1.1966184705949479,0.418,2
p0098-p0284-p0350-p0367-p0115,1.5428576356668724,0.235,2
p0311-p0203-p0099-p0207-p0313,2.246404946895868,0.069,2
p0068-p0133-p0087-p0074-p0298,0.9486847379255451,0.541,2
p0192-p0143-p0383-p0228-p0067,1.4877229718144225,0.199,2
p0194-p0046-p0069-p0064-p0387,1.6625788292569963,0.063,2
p0161-p0129-p0370-p0337-p0326,1.3580343798060808,0.315,2
p0039-p0202-p0004-p0328-p0108,1.5830178950554308,0.117,2
p0216-p0225-p0065-p0125-p0011,0.9329832927687174,0.572,2
p0034-p0391-p0146-p0021-p0145,1.3675303374040555,0.188,2
p0096-p0399-p0166-p0075-p0361,1.5287135087382435,0.126,2
p0132-p0217-p0156-p0013-p0069,1.7452184087655738,0.07,2
p0078-p0129-p0133-p0247-p0154,0.7564378197745625,0.663,2
p0348-p0049-p0211-p0346-p0130,1.8308567387417802,0.107,2
p0215-p0355-p0022-p0295-p0201,1.2513853442548095,0.367,2
p0362-p0270-p0282-p0244-p0080,1.5302936443255089,0.222,2
p0393-p0237-p0044-p0148-p0396,1.5474270608977005,0.139,2
p0123-p0082-p0050-p0316-p0393,1.7335889482275453,0.078,2
p0077-p0334-p0292-p0298-p0098,0.77101725506174,0.681,2
p0023-p0062-p0388-p0159-p0022,1.8303691268126867,0.072,2
p0180-p0042-p0242-p0046-p0279,0.7722513877404666,0.69,2
p0155-p0379-p0299-p0257-p0252,1.1001742611117773,0.469,2
p0041-p0024-p0247-p0110-p0073,0.9761412727875457,0.519,2
p0314-p0012-p0121-p0231-p0268,1.6852193133964504,0.18,2
p0110-p0185-p0151-p0107-p0067,1.3786951478515534,0.251,2
p0002-p0273-p0270-p0194-p0052,1.0776709195496204,0.454,2
p0259-p0108-p0294-p0121-p0222,1.5612564013522987,0.26,2
p0204-p0021-p0232-p0071-p0005,0.576298233027691,0.844,2
p0103-p0308-p0014-p0112-p0026,1.5190331187022061,0.311,2
p0277-p0042-p0041-p0247-p0190,1.7290220344993654,0.056,2
p0338-p0322-p0347-p0084-p0392,2.386975086878757,0.042,2
p0184-p0073-p0112-p0059-p0005,0.7336114121367483,0.732,2
p0221-p0301-p0172-p0373-p0305,0.6773679777615454,0.719,2
p0330-p0376-p0123-p0252-p0265,1.4565762727684186,0.21,2
p0347-p0013-p0035-p0031-p0190,1.6693137005621492,0.074,2
p0310-p0346-p0260-p0143-p0308,2.2039793386491677,0.1,2
p0320-p0111-p0278-p0003-p0088,1.1342479716498794,0.419,2
p0073-p0378-p0156-p0040-p0009,0.9206629454203074,0.573,2
p0315-p0061-p0076-p0259-p0361,1.765332534327716,0.134,2
p0159-p0124-p0014-p0264-p0179,0.2338090916306408,0.898,2
p0132-p0128-p0330-p0088-p0028,2.1340174042914435,0.027,2
p0124-p0087-p0201-p0360-p0141,0.788160887326735,0.626,2
p0032-p0167-p0034-p0045-p0149,1.0552949000475944,0.451,2
p0056-p0366-p0022-p0201-p0198,1.332398369254413,0.384,2
p0248-p0022-p0314-p0264-p0325,1.114398471177074,0.42,2
p0308-p0155-p0111-p0115-p0185,1.1042840368944924,0.461,2
p0072-p0202-p0330-p0002-p0114,1.925558586436916,0.045,2
p0106-p0223-p0318-p0204-p0018,2.010461988888796,0.054,2
p0056-p0040-p0284-p0148-p0295,1.5078875391181157,0.277,2
p0263-p0014-p0156-p0076-p0269,1.3698347543708702,0.207,2
p0205-p0227-p0327-p0036-p0248,0.09271924607490435,0.934,2
p0396-p0328-p0310-p0136-p0155,1.2659904221152067,0.29,2
p0170-p0369-p0150-p0144-p0201,1.1654646676624838,0.447,2
p0231-p0346-p0308-p0268-p0286,1.3984979310419066,0.344,2
p0096-p0208-p0072-p0016-p0173,1.301608304606475,0.349,2
p0198-p0033-p0197-p0008-p0090,1.5489390393281424,0.233,2
p0091-p0131-p0378-p0310-p0105,0.9889218135248095,0.509,2
p0018-p0340-p0227-p0339-p0262,0.4567185980373893,0.78,2
p0119-p0083-p0032-p0137-p0124,1.1510771845392356,0.396,2
p0392-p0234-p0369-p0010-p0122,1.7446175023730683,0.106,2
p0112-p0081-p0310-p0145-p0209,0.9903186182420334,0.516,2
p0278-p0101-p0316-p0185-p0263,0.49434400504526693,0.81,2
p0367-p0123-p0396-p0234-p0174,1.58996871364215,0.163,2
p0340-p0396-p0352-p0285-p0096,0.5384668085210158,0.735,2
p0284-p0081-p0292-p0092-p0170,1.1164231991322873,0.463,2
p0377-p0360-p0051-p0389-p0343,1.2069507300703317,0.387,2
p0238-p0262-p0248-p0368-p0234,1.7372014857097364,0.165,2
p0138-p0239-p0003-p0099-p0207,1.3209923301246222,0.24,2
p0185-p0123-p0079-p0186-p0399,1.085980254154664,0.403,2
p0272-p0320-p0207-p0152-p0294,1.3511462083501435,0.359,2
p0046-p0194-p0380-p0051-p0039,1.4311129694325073,0.148,2
p0108-p0316-p0180-p0020-p0118,1.4372276310289682,0.129,2
p0014-p0386-p0042-p0166-p0230,2.430209739926937,0.037,2
p0085-p0111-p0196-p0161-p0287,0.7481702646654634,0.717,2
p0347-p0071-p0059-p0394-p0087,1.523096634814567,0.202,2
p0308-p0193-p0081-p0319-p0392,1.073182636377131,0.498,2
p0364-p0079-p0151-p0294-p0024,1.9891908360757982,0.067,2
p0064-p0283-p0043-p0093-p0223,1.2903113102416393,0.245,2
p0256-p0248-p0052-p0032-p0362,1.422153786402759,0.284,2
p0224-p0221-p0335-p0083-p0247,0.6952399102828853,0.774,2
p0104-p0392-p0338-p0347-p0065,1.4688239972950659,0.244,2
p0277-p0284-p0313-p0209-p0375,2.34454208523429,0.026,2
p0038-p0287-p0337-p0260-p0113,1.2916650123532858,0.332,2
p0046-p0234-p0318-p0079-p0345,1.1682800400138351,0.451,2
p0038-p0114-p0206-p0087-p0267,0.5255231194166528,0.772,2
p0044-p0149-p0382-p0288-p0065,1.5453697951119312,0.15,2
p0086-p0220-p0300-p0254-p0056,1.3015992704473716,0.272,2
p0260-p0227-p0225-p0335-p0000,0.7683988383646869,0.687,2
p0065-p0244-p0282-p0098-p0378,0.7634920052491363,0.663,2
p0090-p0157-p0141-p0190-p0283,1.23903393573933,0.294,2
p0193-p0381-p0086-p0344-p0112,1.2219008931011828,0.329,2
p0172-p0113-p0394-p0328-p0306,1.27088610310239,0.375,2
p0268-p0271-p0113-p0263-p0185,1.3457058648979392,0.224,2
p0396-p0342-p0010-p0383-p0324,0.79763076375189,0.648,2
p0358-p0208-p0222-p0273-p0364,1.852384362858772,0.139,2
p0398-p0207-p0305-p0322-p0328,1.9461063258596438,0.091,2
p0186-p0042-p0342-p0291-p0233,1.8907982639208778,0.09,2
p0222-p0232-p0079-p0114-p0308,1.423026995739783,0.338,2
p0372-p0060-p0072-p0164-p0216,-0.04818827150947937,0.917,2
p0312-p0002-p0373-p0219-p0119,2.3501293577929334,0.107,2
p0187-p0399-p0365-p0195-p0102,3.0953118097235452,0.011,2
p0292-p0083-p0384-p0162-p0159,0.41217583943396635,0.825,2
p0202-p0335-p0042-p0391-p0354,1.0613717101179854,0.487,2
p0130-p0155-p0340-p0305-p0187,1.1037877407749486,0.474,2
p0133-p0263-p0134-p0169-p0083,1.3146146344967884,0.284,2
p0098-p0029-p0351-p0101-p0001,0.9132589131652442,0.585,2
p0062-p0066-p0047-p0209-p0223,1.647164009845516,0.057,2
p0165-p0172-p0015-p0058-p0183,1.4904535734831357,0.178,2
p0168-p0049-p0087-p0105-p0356,0.9606634262612518,0.572,2
p0392-p0378-p0088-p0223-p0280,1.5754510457179993,0.207,2
p0143-p0278-p0299-p0379-p0230,1.2449155135091596,0.402,2
p0166-p0086-p0003-p0335-p0083,1.1988324173453422,0.312,2
p0219-p0396-p0069-p0217-p0235,1.9445809846052606,0.037,2
p0234-p0124-p0172-p0102-p0055,1.554646232614377,0.185,2
p0067-p0226-p0322-p0043-p0320,1.7071024757361086,0.183,2
p0062-p0001-p0127-p0103-p0143,2.057563008233171,0.027,2
p0320-p0228-p0236-p0056-p0101,0.8419937921973023,0.643,2
p0273-p0303-p0075-p0176-p0121,2.1300298726791684,0.069,2
p0174-p0256-p0141-p0055-p0371,0.9826615856271426,0.549,2
p0220-p0134-p0072-p0015-p0055,1.6951037887566047,0.092,2
p0137-p0110-p0227-p0313-p0322,1.4344661272906818,0.297,2
p0195-p0397-p0197-p0287-p0107,1.0000388405871479,0.544,2
p0282-p0324-p0224-p0396-p0300,1.6904652059106904,0.095,2
p0225-p0095-p0305-p0051-p0306,1.7926208196318039,0.115,2
p0215-p0272-p0382-p0175-p0291,1.052762886019972,0.483,2
p0079-p0383-p0180-p0142-p0339,1.8559722068196072,0.094,2
p0107-p0235-p0375-p0387-p0147,2.953961902168342,0.002,2
p0062-p0036-p0375-p0209-p0362,2.686966215874533,0.01,2
p0278-p0007-p0052-p0366-p0339,1.6359810145129032,0.214,2
p0031-p0210-p0050-p0142-p0148,0.9771822082623043,0.519,2
p0340-p0213-p0012-p0311-p0345,1.0756407610114722,0.502,2
p0056-p0018-p0067-p0089-p0325,1.6204479991671235,0.118,2
p0263-p0160-p0198-p0046-p0206,2.2017341191209843,0.04,2
p0205-p0373-p0121-p0236-p0294,1.4618219344234054,0.307,2
p0354-p0351-p0007-p0383-p0334,1.219430078001134,0.36,2
p0155-p0294-p0368-p0231-p0078,1.0813976479479235,0.474,2
p0151-p0318-p0117-p0356-p0344,0.6269149980613418,0.724,2
p0271-p0144-p0305-p0238-p0235,2.407630722317748,0.014,2
p0221-p0250-p0034-p0102-p0169,1.4872981069501994,0.201,2
p0180-p0270-p0031-p0273-p0392,1.2314471686978983,0.381,2
p0325-p0388-p0049-p0019-p0381,0.9874173689740704,0.539,2
p0312-p0376-p0381-p0166-p0153,2.9079177361016413,0.04,2
p0167-p0060-p0390-p0044-p0184,1.9271287671353712,0.069,2
p0133-p0298-p0299-p0372-p0143,0.4973912735608021,0.749,2
p0084-p0102-p0079-p0345-p0009,0.8403270695276929,0.624,2
p0313-p0060-p0072-p0364-p0319,2.6615442627704096,0.016,2
p0144-p0256-p0257-p0271-p0157,0.6552737290978182,0.716,2
p0190-p0149-p0173-p0315-p0253,1.9068915860849787,0.085,2
p0389-p0023-p0217-p0068-p0180,1.372920216527671,0.256,2
p0089-p0211-p0150-p0358-p0362,1.6978238432196133,0.196,2
p0210-p0228-p0295-p0079-p0263,1.5833534539543876,0.203,2
p0132-p0211-p0367-p0392-p0008,1.880950426046056,0.154,2
p0144-p0173-p0186-p0297-p0254,2.5260470226801504,0.012,2
p0165-p0134-p0371-p0225-p0267,1.3827254875300972,0.316,2
p0101-p0384-p0330-p0168-p0361,-0.20456957521557811,0.952,2
p0294-p0144-p0068-p0112-p0148,0.8211359728103209,0.651,2
p0093-p0213-p0377-p0163-p0142,0.6290626572892305,0.781,2
p0148-p0137-p0090-p0042-p0029,1.4742193199133493,0.118,2
p0156-p0190-p0000-p0027-p0182,1.2836541969343356,0.267,2
p0334-p0313-p0389-p0227-p0271,1.4216699328875608,0.294,2
p0103-p0178-p0170-p0283-p0269,1.2785939326646205,0.305,2
p0019-p0037-p0396-p0295-p0118,1.2594402170938028,0.331,2
p0066-p0110-p0378-p0288-p0319,0.9594949901887415,0.536,2
p0260-p0097-p0183-p0307-p0286,0.7395850876311195,0.691,2
p0016-p0046-p0354-p0297-p0101,1.8104670867120207,0.1,2
p0095-p0125-p0129-p0087-p0183,1.0434971575363374,0.489,2
p0054-p0028-p0366-p0009-p0292,0.7798357094870157,0.676,2
p0118-p0062-p0166-p0177-p0344,1.062286233027993,0.447,2
p0225-p0210-p0260-p0006-p0377,0.8601319388340786,0.637,2
p0369-p0156-p0370-p0041-p0307,1.6441780431865285,0.192,2
p0112-p0208-p0095-p0137-p0091,0.7388519563457183,0.655,2
p0142-p0213-p0317-p0362-p0265,1.4942892020858392,0.223,2
p0303-p0128-p0252-p0357-p0350,1.3203455320007613,0.289,2
p0366-p0277-p0193-p0226-p0280,1.1786219275416572,0.37,2
p0036-p0223-p0078-p0383-p0317,2.0911961251420186,0.012,2
p0395-p0031-p0265-p0065-p0006,1.4146343813713125,0.23,2
p0398-p0018-p0208-p0342-p0263,1.8103809268254119,0.139,2
p0392-p0022-p0226-p0333-p0325,1.4913972437014844,0.234,2
p0004-p0360-p0041-p0119-p0192,1.4191230822042094,0.228,2
p0082-p0061-p0315-p0199-p0397,2.0624137935884073,0.075,2
p0228-p0132-p0159-p0264-p0368,1.646647548563656,0.108,2
p0125-p0026-p0215-p0380-p0144,0.1684645462016683,0.896,2
p0072-p0073-p0319-p0201-p0034,0.49821450657710503,0.795,2
p0111-p0128-p0279-p0199-p0181,1.268406426081974,0.384,2
p0369-p0259-p0000-p0128-p0140,1.4632643890783767,0.271,2
p0088-p0027-p0310-p0035-p0390,2.2777081931835172,0.015,2
p0347-p0108-p0361-p0213-p0378,0.6602971693613616,0.734,2
p0136-p0210-p0091-p0378-p0384,0.9060212731840529,0.553,2
p0174-p0247-p0157-p0201-p0010,1.302472047888641,0.279,2
p0133-p0342-p0370-p0114-p0255,2.6592420860052837,0.006,2
p0344-p0194-p0166-p0071-p0364,1.8996581695443564,0.034,2
p0009-p0188-p0288-p0377-p0174,1.2718055561799628,0.31,2
p0009-p0105-p0222-p0277-p0151,0.8692105394547492,0.588,2
p0186-p0253-p0323-p0178-p0247,0.8230916714568036,0.665,2
p0306-p0033-p0013-p0348-p0034,1.0489385892819165,0.522,2
p0104-p0008-p0175-p0098-p0045,1.6867551254539517,0.065,2
p0233-p0067-p0138-p0117-p0186,1.3445643266590612,0.227,2
p0318-p0120-p0219-p0077-p0112,2.0798458740068804,0.08,2
p0389-p0205-p0346-p0026-p0221,2.2294214728658686,0.027,2
p0241-p0362-p0042-p0024-p0114,1.4876979285925602,0.218,2
p0190-p0398-p0385-p0209-p0365,1.8710116514036312,0.033,2
p0174-p0388-p0392-p0151-p0351,-0.5568800810440724,0.954,2
p0054-p0098-p0135-p0099-p0327,0.9923990620706215,0.525,2
p0312-p0219-p0092-p0279-p0286,1.8033831101770235,0.231,2
p0078-p0178-p0085-p0145-p0244,0.6858169577041712,0.807,2
p0247-p0171-p0290-p0277-p0095,1.3048608962657802,0.319,2
p0197-p0381-p0113-p0090-p0130,1.0670234198088884,0.45,2
p0073-p0238-p0301-p0300-p0272,1.7085824099176143,0.092,2
p0352-p0263-p0033-p0085-p0187,2.519655008988105,0.034,2
p0394-p0088-p0361-p0210-p0014,0.5167323698008665,0.755,2
p0131-p0235-p0004-p0314-p0383,1.1702456329529718,0.39,2
p0346-p0075-p0121-p0367-p0332,2.1925604378311663,0.098,2
p0165-p0318-p0142-p0209-p0151,1.920991241921179,0.075,2
p0052-p0200-p0270-p0123-p0365,1.306106467128452,0.256,2
p0129-p0096-p0306-p0263-p0203,1.7065312483597492,0.178,2
p0326-p0257-p0149-p0160-p0039,2.6249851836137195,0.01,2
p0148-p0309-p0190-p0159-p0311,3.4054670875128688,0.004,2
p0239-p0210-p0125-p0001-p0338,1.0123426828489444,0.522,2
p0018-p0155-p0367-p0352-p0237,1.01645502472612,0.515,2
p0124-p0154-p0369-p0058-p0063,1.5651753905189734,0.183,2
p0366-p0159-p0304-p0196-p0282,1.0508822623849876,0.463,2
p0026-p0149-p0029-p0249-p0288,2.065412889176835,0.072,2
p0339-p0375-p0229-p0366-p0323,2.1139536945669786,0.065,2
p0003-p0112-p0257-p0171-p0217,0.6194169948678218,0.734,2
p0181-p0154-p0202-p0118-p0141,1.6754086888972468,0.125,2
p0322-p0214-p0058-p0380-p0345,2.289515494039444,0.051,2
p0332-p0026-p0172-p0261-p0202,1.9732128506257969,0.076,2
p0267-p0375-p0139-p0220-p0335,0.9611120534869616,0.6,2
p0303-p0143-p0233-p0138-p0108,2.115444207857142,0.028,2
p0038-p0045-p0081-p0326-p0399,1.54314287325062,0.106,2
p0236-p0208-p0384-p0229-p0000,1.147531371278162,0.438,2
p0175-p0346-p0018-p0200-p0055,2.08867503021952,0.042,2
p0274-p0061-p0038-p0024-p0138,1.5491997545658118,0.202,2
p0246-p0258-p0082-p0224-p0117,0.9705458069951856,0.58,2
p0190-p0270-p0233-p0105-p0119,1.5363668253120766,0.13,2
p0227-p0009-p0249-p0241-p0028,0.9318947756225364,0.597,2
p0114-p0203-p0221-p0094-p0148,1.4426609652602138,0.183,2
p0155-p0084-p0282-p0382-p0398,1.9653977913900633,0.045,2
p0021-p0037-p0206-p0100-p0010,1.8027234254945,0.041,2